{"cameraMode":{"drawMode":0,"name":"Shaded","section":"Shading Mode"},"sceneLighting":true,"audioPlay":false,"sceneViewState":{"showFog":true,"showMaterialUpdate":false,"showSkybox":true,"showFlares":true,"showImageEffects":true,"showParticleSystems":true},"in2DMode":false,"pivot":{"x":-1.8370983600616456,"y":1.7672837972640992,"z":1.0443379878997803},"rotation":{"x":-0.04314982891082764,"y":0.9136845469474793,"z":-0.1007365882396698,"w":-0.39137062430381777},"size":2.9557292461395265,"orthographic":false}